"DESCRIPTION","DURATION IN MS","NAME","PARENT SUITE","START TIME","STATUS","STOP TIME","SUB SUITE","SUITE","TEST CLASS","TEST METHOD"
"","2211","Opening the theme menu overlays profile and log out instead of pushing them down","parallel","2026-09-27","passed","2026-09-27","Mobile hamburger menu - theme control alignment > Signed in - rows below the theme row","e2e/mobile-nav-theme.spec.ts","",""
"","3923","Landing and about pages have no contrast violations [dark]","parallel","2026-09-27","passed","2026-09-27","Dark mode contrast","e2e/dark-mode-contrast.spec.ts","",""
"","159","Unauthenticated GET to /share-target 303s to login, never 500s","chat-serial","2026-09-27","passed","2026-09-27","PWA share target - logged out / no valid session","e2e/chat-share-target.spec.ts","",""
"","5854","@Login @HappyPath Successful login for shoham@gmail.com","parallel","2026-09-27","passed","2026-09-27","Login Functionality","e2e/login-validations.spec.ts","",""
"","1664","Navigate back from non exist path by go back button","parallel","2026-09-27","passed","2026-09-27","Navigation Functionality","e2e/auth-navigation.spec.ts","",""
"","7908","Blocking disables the composer until the user is unblocked","chat-serial","2026-09-27","passed","2026-09-27","Block a user","e2e/chat-block.spec.ts","",""
"","1052","Navigation to secured share-target page without login","parallel","2026-09-27","passed","2026-09-27","Navigation Functionality","e2e/auth-navigation.spec.ts","",""
"","3877","On a phone, an open conversation carries it in the ⋯ menu instead of floating over the thread","parallel","2026-09-27","passed","2026-09-27","Report a bug","e2e/report-bug.spec.ts","",""
"","938","Service worker script is reachable from a logged-out page","chat-serial","2026-09-27","passed","2026-09-27","PWA share target - logged out / no valid session","e2e/chat-share-target.spec.ts","",""
"","4653","Switching conversations restores the in-progress draft","chat-serial","2026-09-27","passed","2026-09-27","Draft persistence per conversation","e2e/chat-drafts.spec.ts","",""
"","5719","setup - skgladiator4@gmail.com","setup","2026-09-27","passed","2026-09-27","Login Functionality","utils/global.setup.ts","",""
"","6083","Shared text opens the picker and lands in the composer","chat-serial","2026-09-27","passed","2026-09-27","PWA share target","e2e/chat-share-target.spec.ts","",""
"","5687","Navigation and Logout Flow","parallel","2026-09-27","passed","2026-09-27","Navigation Functionality > Navigation tests reqiered login","e2e/auth-navigation.spec.ts","",""
"","1983","On a phone, /chat with no conversation open keeps the pill in its corner","parallel","2026-09-27","passed","2026-09-27","Report a bug","e2e/report-bug.spec.ts","",""
"","5601","Forgot My Password - Wrong Code","parallel","2026-09-27","passed","2026-09-27","OTP processes - Forgot Password Functionality","e2e/otp-processes.spec.ts","",""
"","11653","Per-conversation duration can be saved and is not instant deletion","chat-serial","2026-09-27","passed","2026-09-27","Self-destructing messages","e2e/chat-disappearing.spec.ts","",""
"","4675","Forgot My Password - Email Validations","parallel","2026-09-27","passed","2026-09-27","OTP processes - Forgot Password Functionality","e2e/otp-processes.spec.ts","",""
"","13910","Sending a message that includes a file flow","chat-serial","2026-09-27","passed","2026-09-27","Chat Messages Functionality > File sending test with no bypass header","e2e/chat-messages.spec.ts","",""
"","5372","Plain text with no URL is not linkified","chat-serial","2026-09-27","passed","2026-09-27","Message link rendering","e2e/chat-messages.spec.ts","",""
"","8427","Hold-to-record send appears as an audio message","chat-serial","2026-09-27","passed","2026-09-27","Voice messages > Voice upload with no bypass header","e2e/chat-voice.spec.ts","",""
"","3937","Landing and about pages have no contrast violations [light]","parallel","2026-09-27","passed","2026-09-27","Dark mode contrast","e2e/dark-mode-contrast.spec.ts","",""
"","11898","Clean room history","parallel","2026-09-27","passed","2026-09-27","Checking conversation actions done by the dropdown","e2e/conversation-actions.spec.ts","",""
"","5221","The pill can be hidden for the rest of the session","parallel","2026-09-27","passed","2026-09-27","Report a bug","e2e/report-bug.spec.ts","",""
"","8484","The same account logging back in is resubscribed without being asked","parallel","2026-09-27","passed","2026-09-27","Push subscription lifecycle","e2e/push-subscription.spec.ts","",""
"","13821","Sending - Recieving - Deleting messages flow","chat-serial","2026-09-27","passed","2026-09-27","Chat Messages Functionality","e2e/chat-messages.spec.ts","",""
"","7329","A session that ended without logging out stops notifying its user once someone else logs in","parallel","2026-09-27","passed","2026-09-27","Push subscription lifecycle","e2e/push-subscription.spec.ts","",""
"","17894","@Offline mode - Existing message should queue for deletion while offline","offline","2026-09-27","passed","2026-09-27","Offline Mode - Separated Scenarios","e2e/offline-mode-edge-cases.spec.ts","",""
"","897","Theme control lines up with the other overlay rows","parallel","2026-09-27","passed","2026-09-27","Mobile hamburger menu - theme control alignment","e2e/mobile-nav-theme.spec.ts","",""
"","7514","@Offline mode - Pending outbox lists queued messages until they sync","offline","2026-09-27","passed","2026-09-27","Offline Mode - Separated Scenarios","e2e/offline-mode-edge-cases.spec.ts","",""
"","12248","Sent check becomes Read after the recipient opens the conversation","chat-serial","2026-09-27","passed","2026-09-27","Delivery and read receipts","e2e/chat-receipts.spec.ts","",""
"","10182","Clears when the typer closes their tab mid-sentence","chat-serial","2026-09-27","passed","2026-09-27","Typing indicator","e2e/chat-typing.spec.ts","",""
"","4176","Start a group chat","parallel","2026-09-27","passed","2026-09-27","Checking conversation actions done by conversation bar","e2e/conversation-actions.spec.ts","",""
"","7419","Cancelling the share picker does not apply the shared text","chat-serial","2026-09-27","passed","2026-09-27","PWA share target","e2e/chat-share-target.spec.ts","",""
"","3419","Leaving room successfuly","parallel","2026-09-27","passed","2026-09-27","Checking conversation actions done by the dropdown","e2e/conversation-actions.spec.ts","",""
"","6372","Adding a phone number requires an emailed verification code","chat-serial","2026-09-27","passed","2026-09-27","Phone number editing","e2e/chat-profile.spec.ts","",""
"","5283","@Offline mode - @Navigate to moderator page","offline","2026-09-27","passed","2026-09-27","Offline Mode - Separated Scenarios","e2e/offline-mode-edge-cases.spec.ts","",""
"","16482","Reply preview can be cancelled, and a sent reply quotes the original for both users","chat-serial","2026-09-27","passed","2026-09-27","Reply to quoted messages","e2e/chat-replies.spec.ts","",""
"","6125","GET share-target (Samsung WebAPK path) opens the picker with the shared text","chat-serial","2026-09-27","passed","2026-09-27","PWA share target","e2e/chat-share-target.spec.ts","",""
"","1013","The pill sits in the left corner in Hebrew","parallel","2026-09-27","passed","2026-09-27","Report a bug > Right-to-left","e2e/report-bug.spec.ts","",""
"","3549","@Login @Negative Invalid format and credentials","parallel","2026-09-27","passed","2026-09-27","Login Functionality","e2e/login-validations.spec.ts","",""
"","10429","Search finds a message in history and hides conversations that do not match","chat-serial","2026-09-27","passed","2026-09-27","Full-text message search","e2e/chat-search.spec.ts","",""
"","5939","Push notification prompt is a single slim bar that never overlaps the composer","parallel","2026-09-27","passed","2026-09-27","Bottom prompts","e2e/bottom-prompts.spec.ts","",""
"","4601","Navigate back from non exist path by back to chat button","parallel","2026-09-27","passed","2026-09-27","Navigation Functionality > Navigation tests reqiered login","e2e/auth-navigation.spec.ts","",""
"","7271","Navbar links resolve correctly from a nested profile route","chat-serial","2026-09-27","passed","2026-09-27","Profile editing","e2e/chat-profile.spec.ts","",""
"","12301","Unread divider does not reappear after the conversation has already been opened","chat-serial","2026-09-27","passed","2026-09-27","Delivery and read receipts","e2e/chat-receipts.spec.ts","",""
"","8282","Sending a message clears the stored draft","chat-serial","2026-09-27","passed","2026-09-27","Draft persistence per conversation","e2e/chat-drafts.spec.ts","",""
"","1218","Navigation to secured chat page with fake token","parallel","2026-09-27","passed","2026-09-27","Navigation Functionality","e2e/auth-navigation.spec.ts","",""
"","2980","A 1:1 conversation offers voice and video calls","parallel","2026-09-27","passed","2026-09-27","Call buttons","e2e/call-buttons.spec.ts","",""
"","6174","Dismissing the prompt persists across reload","parallel","2026-09-27","passed","2026-09-27","Bottom prompts","e2e/bottom-prompts.spec.ts","",""
"","5438","@Offline mode - @Navigate to locations page","offline","2026-09-27","passed","2026-09-27","Offline Mode - Separated Scenarios","e2e/offline-mode-edge-cases.spec.ts","",""
"","234","Samsung Internet is served a GET share_target so WebAPK install does not fail","chat-serial","2026-09-27","passed","2026-09-27","PWA share target","e2e/chat-share-target.spec.ts","",""
"","1019","Desktop keeps the icon-only theme toggle in the nav row","parallel","2026-09-27","passed","2026-09-27","Desktop nav - theme toggle unaffected","e2e/mobile-nav-theme.spec.ts","",""
"","2860","Forgot My Password - Fake account - Mimic code sending","parallel","2026-09-27","passed","2026-09-27","OTP processes - Forgot Password Functionality","e2e/otp-processes.spec.ts","",""
"","9644","The next user to log in on the device is asked before being subscribed","parallel","2026-09-27","passed","2026-09-27","Push subscription lifecycle","e2e/push-subscription.spec.ts","",""
"","1364","@Login @Negative Missing credentials","parallel","2026-09-27","passed","2026-09-27","Login Functionality","e2e/login-validations.spec.ts","",""
"","15070","setup - shoham@gmail.com","setup","2026-09-27","passed","2026-09-27","Login Functionality","utils/global.setup.ts","",""
"","6719","setup - skgladiator5@gmail.com","setup","2026-09-27","passed","2026-09-27","Login Functionality","utils/global.setup.ts","",""
"","8927","@Offline mode - Message should queue and send when back online","offline","2026-09-27","passed","2026-09-27","Offline Mode - Separated Scenarios","e2e/offline-mode-edge-cases.spec.ts","",""
"","6909","A javascript: URL in message text is never turned into a link","chat-serial","2026-09-27","passed","2026-09-27","Message link rendering","e2e/chat-messages.spec.ts","",""
"","16413","@Notifications received while not online","chat-serial","2026-09-27","passed","2026-09-27","Chat Notifications Functionality > Offline notification test","e2e/chat-notifications.spec.ts","",""
"","9316","@Offline mode - Conversation should dissapear when deleting it while offline","offline","2026-09-27","passed","2026-09-27","Offline Mode - Separated Scenarios > Conversation delete","e2e/offline-mode-edge-cases.spec.ts","",""
"","7416","Later snoozes the prompt instead of dismissing it permanently","parallel","2026-09-27","passed","2026-09-27","Bottom prompts","e2e/bottom-prompts.spec.ts","",""
"","5825","A subscription stays registered across reloads","parallel","2026-09-27","passed","2026-09-27","Push subscription lifecycle","e2e/push-subscription.spec.ts","",""
"","5875","Enabling notifications never leaves a persistent banner behind","parallel","2026-09-27","passed","2026-09-27","Bottom prompts","e2e/bottom-prompts.spec.ts","",""
"","18836","@Offline mode - Clearing history while offline hides it immediately and survives reopen, reconnect and reload","offline","2026-09-27","passed","2026-09-27","Offline Mode - Separated Scenarios > Conversation clean history","e2e/offline-mode-edge-cases.spec.ts","",""
"","4235","Desktop /chat keeps the floating pill, clear of the composer, and out of the ⋯ menu","parallel","2026-09-27","passed","2026-09-27","Report a bug","e2e/report-bug.spec.ts","",""
"","4603","Chat with an open conversation has no contrast violations [light]","parallel","2026-09-27","passed","2026-09-27","Dark mode contrast","e2e/dark-mode-contrast.spec.ts","",""
"","3215","Installed app advertises itself as a share target","chat-serial","2026-09-27","passed","2026-09-27","PWA share target","e2e/chat-share-target.spec.ts","",""
"","1107","@Login @Offline mode","parallel","2026-09-27","passed","2026-09-27","Login Functionality","e2e/login-validations.spec.ts","",""
"","5447","@Offline mode - @Navigate to chat page","offline","2026-09-27","passed","2026-09-27","Offline Mode - Separated Scenarios","e2e/offline-mode-edge-cases.spec.ts","",""
"","3877","@Login @HappyPath Successful login for skgladiator4@gmail.com","parallel","2026-09-27","passed","2026-09-27","Login Functionality","e2e/login-validations.spec.ts","",""
"","1294","Allow navigation to non secured about path without login","parallel","2026-09-27","passed","2026-09-27","Navigation Functionality","e2e/auth-navigation.spec.ts","",""
"","4505","Rejects an invalid phone number before sending a code","chat-serial","2026-09-27","passed","2026-09-27","Phone number editing","e2e/chat-profile.spec.ts","",""
"","8212","Delete conversation","parallel","2026-09-27","passed","2026-09-27","Checking conversation actions done by the dropdown","e2e/conversation-actions.spec.ts","",""
"","944","Overlay scrolls instead of clipping when its content is taller than the viewport","parallel","2026-09-27","passed","2026-09-27","Mobile hamburger menu - theme control alignment","e2e/mobile-nav-theme.spec.ts","",""
"","6466","Logging out removes this device's push subscription","parallel","2026-09-27","passed","2026-09-27","Push subscription lifecycle","e2e/push-subscription.spec.ts","",""
"","15132","Editing nickname, about, and accent color updates the profile and own message bubble","chat-serial","2026-09-27","passed","2026-09-27","Profile editing","e2e/chat-profile.spec.ts","",""
"","19240","An edit replaces the text in place for both users, keeps the send time, and updates quotes of it","chat-serial","2026-09-27","passed","2026-09-27","Edit sent messages","e2e/chat-edits.spec.ts","",""
"","2834","Start single participant chat","parallel","2026-09-27","passed","2026-09-27","Checking conversation actions done by conversation bar","e2e/conversation-actions.spec.ts","",""
"","3241","A group conversation offers no calls","parallel","2026-09-27","passed","2026-09-27","Call buttons","e2e/call-buttons.spec.ts","",""
"","1068","Allow navigation to non secured contact path without login","parallel","2026-09-27","passed","2026-09-27","Navigation Functionality","e2e/auth-navigation.spec.ts","",""
"","163","POST to /share-target with an invalid session cookie 303s to login, never 500s","chat-serial","2026-09-27","passed","2026-09-27","PWA share target - logged out / no valid session","e2e/chat-share-target.spec.ts","",""
"","932","Navigation to non exist path","parallel","2026-09-27","passed","2026-09-27","Navigation Functionality","e2e/auth-navigation.spec.ts","",""
"","3147","Chat with an open conversation has no contrast violations [dark]","parallel","2026-09-27","passed","2026-09-27","Dark mode contrast","e2e/dark-mode-contrast.spec.ts","",""
"","3415","Record button appears with a conversation and is gone after leaving","chat-serial","2026-09-27","passed","2026-09-27","Voice messages","e2e/chat-voice.spec.ts","",""
"","2948","Signing up using existing email flow","parallel","2026-09-27","passed","2026-09-27","OTP processes - Sign up Functionality","e2e/otp-processes.spec.ts","",""
"","7346","Large photos are compressed client-side before upload","chat-serial","2026-09-27","passed","2026-09-27","Chat Messages Functionality > File sending test with no bypass header","e2e/chat-messages.spec.ts","",""
"","3907","Forgot My Password","parallel","2026-09-27","passed","2026-09-27","OTP processes - Forgot Password Functionality","e2e/otp-processes.spec.ts","",""
"","5356","Draft survives a page refresh","chat-serial","2026-09-27","passed","2026-09-27","Draft persistence per conversation","e2e/chat-drafts.spec.ts","",""
"","13245","A blocked user cannot deliver a 1:1 message","chat-serial","2026-09-27","passed","2026-09-27","Block a user","e2e/chat-block.spec.ts","",""
"","13565","Replying to a received message shows the other person in the preview","chat-serial","2026-09-27","passed","2026-09-27","Reply to quoted messages","e2e/chat-replies.spec.ts","",""
"","17528","@Notifications received while not in chat room","chat-serial","2026-09-27","passed","2026-09-27","Chat Notifications Functionality","e2e/chat-notifications.spec.ts","",""
"","4152","/contact has only its own card button, and it sends a report","parallel","2026-09-27","passed","2026-09-27","Report a bug","e2e/report-bug.spec.ts","",""
"","4097","@Login @HappyPath Successful login for skgladiator5@gmail.com","parallel","2026-09-27","passed","2026-09-27","Login Functionality","e2e/login-validations.spec.ts","",""
"","4020","@Login @HappyPath Successful login for skgladiator3@gmail.com","parallel","2026-09-27","passed","2026-09-27","Login Functionality","e2e/login-validations.spec.ts","",""
"","1138","Navigation to secured locations page without login","parallel","2026-09-27","passed","2026-09-27","Navigation Functionality","e2e/auth-navigation.spec.ts","",""
"","900","Unauthenticated POST to /share-target 303s to login, never 500s","chat-serial","2026-09-27","passed","2026-09-27","PWA share target - logged out / no valid session","e2e/chat-share-target.spec.ts","",""
"","3510","Recording can be cancelled without sending","chat-serial","2026-09-27","passed","2026-09-27","Voice messages","e2e/chat-voice.spec.ts","",""
"","1333","Navigation to secured chat page without login","parallel","2026-09-27","passed","2026-09-27","Navigation Functionality","e2e/auth-navigation.spec.ts","",""
"","11961","@Offline mode - Multiple messages should queue in order","offline","2026-09-27","passed","2026-09-27","Offline Mode - Separated Scenarios > Queue Depth Scenario","e2e/offline-mode-edge-cases.spec.ts","",""
"","19198","Reaches a conversation reopened after deleting it","chat-serial","2026-09-27","passed","2026-09-27","Typing indicator","e2e/chat-typing.spec.ts","",""
"","7653","setup - skgladiator3@gmail.com","setup","2026-09-27","passed","2026-09-27","Login Functionality","utils/global.setup.ts","",""
"","15649","Edit is only offered on your own messages, and an empty edit cannot be saved","chat-serial","2026-09-27","passed","2026-09-27","Edit sent messages","e2e/chat-edits.spec.ts","",""
"","9682","Online users indicator test","parallel","2026-09-27","passed","2026-09-27","Presence Functionality","e2e/presence.spec.ts","",""
"","5563","A URL in message text renders as a real, safe link","chat-serial","2026-09-27","passed","2026-09-27","Message link rendering","e2e/chat-messages.spec.ts","",""
